City_ID,City,Lat,Lng,Max Temp,Humidity,Cloudiness,Wind Speed,Country,Date
0,olafsvik,64.8945,-23.7142,-0.15,73,96,7.94,IS,1675987048
1,bluff,-46.6,168.3333,16.0,61,66,5.11,NZ,1675987049
2,portland,45.5234,-122.6762,15.6,48,20,7.72,US,1675986316
3,rikitea,-23.1203,-134.9692,26.82,71,26,8.76,PF,1675986459
4,hermanus,-34.4187,19.2345,22.11,81,27,6.5,ZA,1675986519
5,roald,62.5833,6.1333,4.31,75,20,12.86,NO,1675986528
6,necochea,-38.5473,-58.7368,18.88,90,0,4.7,AR,1675986472
7,pevek,69.7008,170.3133,-30.35,97,100,1.82,RU,1675986522
8,cape town,-33.9258,18.4232,21.88,71,0,6.69,ZA,1675986900
9,arraial do cabo,-22.9661,-42.0278,24.98,83,0,2.06,BR,1675986476
10,ust-maya,60.4167,134.5333,-45.75,100,76,0.59,RU,1675987050
11,sabirabad,40.0095,48.4752,0.5,77,95,1.12,AZ,1675987052
12,tadine,-21.55,167.8833,26.92,83,100,6.38,NC,1675987053
13,chuy,-33.6971,-53.4616,21.15,89,0,2.47,UY,1675986527
14,nikolskoye,59.7035,30.7861,-2.06,86,100,5.37,RU,1675986480
15,punta arenas,-53.15,-70.9167,11.06,82,100,4.63,CL,1675987054
16,fenoarivo atsinanana,-17.3667,49.4167,23.11,91,75,2.23,MG,1675987055
17,onguday,50.75,86.15,-8.21,96,100,0.24,RU,1675987055
18,culleredo,43.2879,-8.3886,7.91,82,0,1.54,ES,1675987056
19,khatanga,71.9667,102.5,-44.62,99,42,1.64,RU,1675986460
20,mahebourg,-20.4081,57.7,26.16,78,75,3.6,MU,1675987057
21,rockhampton,-23.3833,150.5,28.94,51,9,4.12,AU,1675987056
22,ushuaia,-54.8,-68.3,13.81,44,40,4.12,AR,1675986804
23,jizan,17.3333,42.6667,25.52,76,15,1.9,SA,1675987058
24,luwuk,-0.9516,122.7875,26.28,82,100,1.75,ID,1675987058
25,nome,64.5011,-165.4064,-17.96,71,100,0.0,US,1675986566
26,aksu,41.1231,80.2644,-2.65,68,98,1.54,CN,1675986477
27,dunedin,-45.8742,170.5036,14.23,57,77,3.14,NZ,1675987059
28,mataura,-46.1927,168.8643,15.82,37,62,1.75,NZ,1675987059
29,puerto ayora,-0.7393,-90.3518,26.42,93,59,3.58,EC,1675987059
30,inta,66.0317,60.1659,-3.05,89,100,10.11,RU,1675987060
31,bengkulu,-3.8004,102.2655,23.43,90,93,2.25,ID,1675987060
32,esperance,-33.8667,121.9,18.67,70,4,3.03,AU,1675987061
33,dubti,11.7361,41.0853,25.77,59,5,1.93,ET,1675987061
34,gryazi,52.4966,39.9359,-6.09,97,100,2.5,RU,1675987062
35,kapaa,22.0752,-159.319,23.44,87,75,10.8,US,1675987062
36,thompson,55.7435,-97.8558,-17.91,78,0,0.0,CA,1675986487
37,castro,-24.7911,-50.0119,20.28,79,35,2.81,BR,1675986480
38,hobart,-42.8794,147.3294,17.92,92,75,2.06,AU,1675987063
39,avarua,-21.2078,-159.775,27.03,83,100,2.06,CK,1675987063
40,yayva,59.3303,57.2641,-4.35,95,99,2.69,RU,1675987063
41,kloulklubed,7.0419,134.2556,24.28,76,87,6.7,PW,1675987064
42,dalbandin,28.8947,64.4101,11.58,37,60,3.39,PK,1675986289
43,semporna,4.4818,118.6112,26.08,84,77,4.57,MY,1675987064
44,port hedland,-20.3167,118.5667,31.03,70,40,6.69,AU,1675987065
45,bethel,41.3712,-73.414,8.9,81,100,4.63,US,1675986310
46,monchegorsk,67.9397,32.8739,-1.27,90,79,5.81,RU,1675987065
47,nanortalik,60.1432,-45.2371,-1.98,96,100,3.19,GL,1675986479
48,colima,19.1667,-104.0,27.78,52,8,2.19,MX,1675986907
49,tilichiki,60.4667,166.1,-22.99,85,100,6.2,RU,1675987066
50,itarema,-2.9248,-39.9167,26.92,80,95,4.44,BR,1675986619
51,ostrovnoy,68.0531,39.5131,-0.91,83,100,9.78,RU,1675986575
52,morondava,-20.2833,44.2833,24.48,90,100,3.06,MG,1675987067
53,atuona,-9.8,-139.0333,26.21,77,15,9.4,PF,1675987067
54,lebu,-37.6167,-73.65,16.28,90,2,3.37,CL,1675986472
55,monrovia,6.3005,-10.7969,24.87,89,82,3.38,LR,1675987067
56,soc trang,9.6033,105.98,24.26,84,53,4.47,VN,1675987068
57,biloela,-24.4167,150.5,28.61,48,19,5.56,AU,1675987068
58,labuhan,-6.8844,112.2051,26.01,86,98,3.41,ID,1675987069
59,ribeira grande,38.5167,-28.7,13.76,66,65,2.24,PT,1675987069
60,herat,34.5,62.0,-0.77,70,11,5.3,AF,1675987069
61,sechura,-5.5569,-80.8222,25.77,71,40,6.04,PE,1675987070
62,longyearbyen,78.2186,15.6401,-9.09,73,20,1.54,SJ,1675986528
63,young,-32.6833,-57.6333,31.19,22,25,4.59,UY,1675987070
64,kaduqli,11.0167,29.7167,21.36,22,35,3.13,SD,1675987071
65,chambas,22.1928,-78.9136,23.26,80,3,6.65,CU,1675987071
66,kutum,14.2,24.6667,15.13,14,92,3.03,SD,1675987071
67,new norfolk,-42.7826,147.0587,17.73,80,99,0.46,AU,1675987072
68,tuatapere,-46.1333,167.6833,16.47,46,54,2.11,NZ,1675987072
69,basoko,1.2391,23.616,23.91,40,54,0.19,CD,1675987073
70,gland,46.4208,6.2701,1.2,83,26,0.22,CH,1675987073
71,kodiak,57.79,-152.4072,-1.27,37,0,4.63,US,1675986337
72,moose factory,51.2585,-80.6094,-9.0,79,100,4.63,CA,1675987073
73,chumikan,54.7183,135.315,-26.96,89,8,5.85,RU,1675987074
74,husavik,66.0449,-17.3389,-8.66,73,93,7.18,IS,1675986520
75,keti bandar,24.1447,67.4497,21.36,90,0,5.61,PK,1675986585
76,faanui,-16.4833,-151.75,27.48,71,3,5.62,PF,1675986506
77,nantucket,41.2835,-70.0995,7.03,84,100,6.17,US,1675986807
78,torbay,47.6666,-52.7314,-6.9,83,100,7.2,CA,1675987074
79,lagoa,39.05,-27.9833,13.51,60,99,6.05,PT,1675986588
80,avera,33.194,-82.5271,20.73,70,100,3.56,US,1675987075
81,vaini,-21.2,-175.2,28.09,83,75,3.09,TO,1675987075
82,belaya gora,68.5333,146.4167,-40.07,99,98,2.19,RU,1675987076
83,qaanaaq,77.484,-69.3632,-22.85,59,13,3.85,GL,1675987076
84,mount gambier,-37.8333,140.7667,24.91,36,0,4.09,AU,1675986597
85,port alfred,-33.5906,26.891,20.1,97,100,2.36,ZA,1675987077
86,kudahuvadhoo,2.6708,72.8944,26.8,75,71,5.49,MV,1675987077
87,teloes,41.3105,-8.111,9.58,69,20,2.52,PT,1675987077
88,ancud,-41.8697,-73.8203,14.86,98,70,3.48,CL,1675986470
89,nouadhibou,20.930999999999997,-17.0347,16.99,94,40,2.57,MR,1675987078
90,norman wells,65.282,-126.8329,-21.98,71,0,2.57,CA,1675987032
91,eyrarbakki,63.863,-21.1481,-1.97,88,100,8.1,IS,1675987079
92,san patricio,28.017,-97.5169,21.97,42,29,3.71,US,1675986503
93,bandarbeyla,9.4942,50.8122,24.04,73,70,5.91,SO,1675987079
94,tamandare,-8.7597,-35.1047,25.87,84,19,2.7,BR,1675987080
95,albany,42.6001,-73.9662,8.3,80,100,1.79,US,1675986757
96,flinders,-34.5833,150.8552,25.77,76,1,3.58,AU,1675987080
97,upernavik,72.7868,-56.1549,-32.96,97,85,2.48,GL,1675987081
98,dikson,73.5069,80.5464,-16.46,93,100,13.49,RU,1675987081
99,port elizabeth,-33.918,25.5701,19.5,94,0,1.03,ZA,1675986502
100,malmyzh,56.5205,50.6818,-7.75,96,100,4.48,RU,1675987082
101,cidreira,-30.1811,-50.2056,23.63,84,30,6.43,BR,1675986595
102,bud,39.446999999999996,-86.1758,5.81,83,100,10.13,US,1675987083
103,bambous virieux,-20.3428,57.7575,26.14,78,75,3.6,MU,1675986485
104,fortuna,40.5982,-124.1573,16.63,67,0,1.79,US,1675986539
105,te anau,-45.4167,167.7167,16.43,46,23,0.21,NZ,1675987083
106,ust-omchug,61.15,149.6333,-31.7,90,96,2.07,RU,1675986631
107,bure,10.7,37.0667,14.85,53,6,0.92,ET,1675987084
108,aruja,-23.3961,-46.3208,22.34,94,0,2.06,BR,1675987084
109,busselton,-33.65,115.3333,19.8,64,0,2.74,AU,1675987085
110,namtsy,62.7161,129.6658,-48.86,100,95,1.34,RU,1675987085
111,touros,-5.1989,-35.4608,26.95,79,82,6.18,BR,1675986216
112,road town,18.4167,-64.6167,26.02,78,40,6.17,VG,1675987086
113,lebork,54.5392,17.7501,1.41,86,93,6.22,PL,1675987086
114,bredasdorp,-34.5322,20.0403,20.41,86,29,4.69,ZA,1675987086
115,poya,-21.35,165.15,26.31,83,100,2.13,NC,1675987087
116,waipawa,-41.4122,175.5153,17.3,54,65,5.37,NZ,1675987087
117,qaqortoq,60.7167,-46.0333,-3.16,97,100,1.04,GL,1675987087
118,east london,-33.0153,27.9116,20.25,87,100,2.08,ZA,1675987088
119,leningradskiy,69.3833,178.4167,-33.16,98,99,2.95,RU,1675986555
120,yulara,-25.2406,130.9889,33.1,18,2,4.02,AU,1675986491
121,mazatlan,23.2167,-106.4167,21.06,72,98,3.58,MX,1675987000
122,exu,-7.5119,-39.7242,24.69,47,64,0.96,BR,1675987088
123,hithadhoo,-0.6,73.0833,27.07,75,100,3.82,MV,1675987089
124,santa cruz,-17.8,-63.1667,28.03,74,75,5.14,BO,1675987089
125,brzeg,50.8608,17.4674,-0.21,60,96,4.21,PL,1675987089
126,qui nhon,13.7667,109.2333,22.07,88,58,1.82,VN,1675987090
127,bilibino,68.0546,166.4372,-41.2,98,63,0.57,RU,1675986596
128,bataipora,-22.2953,-53.2711,24.42,80,80,1.45,BR,1675987090
129,airai,-8.9266,125.4092,18.48,85,100,1.37,TL,1675986560
130,geraldton,-28.7667,114.6,23.23,83,100,9.26,AU,1675987091
131,svetlogorsk,52.6333,29.7333,-7.51,90,46,3.47,BY,1675987091
132,raga,8.4596,25.678,19.92,16,9,1.44,SS,1675987091
133,nuevitas,21.5453,-77.2644,24.37,79,4,7.07,CU,1675987092
134,barrow,71.2906,-156.7887,-27.99,76,100,2.06,US,1675987092
135,marsh harbour,26.5412,-77.0636,23.18,65,12,7.17,BS,1675986597
136,alto araguaia,-17.3147,-53.2153,22.1,86,100,0.39,BR,1675987092
137,hilo,19.7297,-155.09,24.6,84,100,5.14,US,1675987093
138,cherskiy,68.75,161.3,-41.89,99,98,2.53,RU,1675986533
139,tateyama,34.9833,139.8667,3.94,74,100,4.96,JP,1675987093
140,elat,29.5581,34.9482,11.91,50,0,3.09,IL,1675987094
141,nador,35.174,-2.9287,13.14,71,100,7.72,MA,1675986853
142,raymondville,26.4815,-97.7831,22.06,41,47,4.32,US,1675987037
143,severo-kurilsk,50.6789,156.125,-5.2,60,96,13.14,RU,1675986616
144,ust-uda,54.1742,103.0304,-24.4,100,98,0.75,RU,1675987094
145,bell ville,-32.6259,-62.6887,30.58,24,0,3.06,AR,1675987095
146,gold coast,-28.0,153.4333,30.99,70,40,6.69,AU,1675987095
147,mar del plata,-38.0023,-57.5575,22.83,88,20,3.6,AR,1675987095
148,broken hill,-31.95,141.4333,33.35,12,1,10.35,AU,1675987079
149,narsaq,60.9167,-46.05,-3.12,97,100,1.24,GL,1675987096
150,victoria,22.2855,114.1577,21.64,90,60,1.79,HK,1675986517
151,muros,42.7762,-9.0603,7.13,77,0,3.19,ES,1675987096
152,miraflores,19.2167,-98.8083,21.36,47,68,3.7,MX,1675987097
153,tuktoyaktuk,69.4541,-133.0374,-24.0,77,100,6.17,CA,1675987097
154,yellowknife,62.456,-114.3525,-19.71,84,20,2.06,CA,1675986861
155,luena,-11.7833,19.9167,16.87,92,96,1.52,AO,1675987097
156,vila franca do campo,37.7167,-25.4333,13.23,79,44,3.93,PT,1675986521
157,lima,-12.0432,-77.0282,23.14,78,20,7.2,PE,1675986383
158,vicente guerrero,19.1194,-98.1708,18.66,39,66,5.25,MX,1675986984
159,georgetown,5.4112,100.3354,26.96,94,20,1.54,MY,1675986969
160,ambon,-3.6954,128.1814,27.08,89,40,2.06,ID,1675987098
161,tarboro,35.8968,-77.5358,20.21,72,40,2.57,US,1675987099
162,paramonga,-10.6667,-77.8333,22.96,84,51,3.48,PE,1675987099
163,egvekinot,66.3167,-179.1667,-30.73,89,79,2.81,RU,1675987099
164,ridgetown,42.4334,-81.8998,8.14,82,84,10.72,CA,1675987100
165,bundaberg,-24.85,152.35,30.12,63,30,2.68,AU,1675986587
166,guaruja,-23.9931,-46.2564,27.72,26,17,5.04,BR,1675987100
167,jagdalpur,19.0667,82.0333,13.31,33,14,0.46,IN,1675987101
168,los llanos de aridane,28.6585,-17.9182,13.4,81,100,2.06,ES,1675986561
169,provideniya,64.3833,-173.3,-19.94,71,100,5.0,RU,1675987101
170,rawson,-43.3002,-65.1023,27.26,40,0,3.17,AR,1675986292
171,isangel,-19.55,169.2667,25.78,92,100,6.47,VU,1675987101
172,saint-philippe,-21.3585,55.7679,24.77,81,78,5.11,RE,1675987102
173,pirgos,35.1167,25.7178,7.57,59,94,3.82,GR,1675987102
174,katsuura,35.1333,140.3,4.01,74,100,6.63,JP,1675986504
175,port hardy,50.6996,-127.4199,6.1,93,100,8.75,CA,1675986634
176,luanda,-8.8368,13.2343,26.0,78,10,3.09,AO,1675986595
177,jasper,37.2001,-94.3502,12.03,58,75,3.6,US,1675986971
178,kununurra,-15.7667,128.7333,27.99,78,99,1.54,AU,1675987103
179,ust-kuyga,70.0167,135.6,-48.97,100,87,2.35,RU,1675987103
180,conceicao das alagoas,-19.9147,-48.3883,22.88,83,60,1.35,BR,1675987104
181,abu dhabi,24.4667,54.3667,19.01,55,0,6.69,AE,1675987104
182,ascension,30.2169,-90.9001,18.38,61,4,2.47,US,1675987104
183,payo,-3.7508,103.6372,21.63,80,73,0.76,ID,1675987105
184,rio cuarto,-33.1307,-64.3499,29.87,42,0,4.12,AR,1675987105
185,saskylakh,71.9167,114.0833,-43.53,98,54,3.07,RU,1675987106
186,atasu,48.6814,71.6433,-23.04,98,99,0.78,KZ,1675987106
187,asosa,10.0667,34.5333,19.19,42,9,1.43,ET,1675987107
188,puerto escondido,15.85,-97.0667,27.05,62,1,2.28,MX,1675986816
189,alice springs,-23.7,133.8833,30.75,40,5,5.66,AU,1675986398
190,korla,41.7597,86.1469,-0.98,57,98,1.85,CN,1675986542
191,montes claros,-16.735,-43.8617,26.88,50,75,2.57,BR,1675987040
192,saint pete beach,27.7253,-82.7412,25.1,75,0,5.14,US,1675987107
193,kavaratti,10.5669,72.642,26.26,78,99,3.98,IN,1675986599
194,villamartin,36.8598,-5.6449,12.23,67,18,5.12,ES,1675987108
195,eureka,40.8021,-124.1637,16.78,49,15,3.13,US,1675987036
196,chara,56.9064,118.2631,-23.26,86,100,0.16,RU,1675987108
197,tasiilaq,65.6145,-37.6368,-3.91,59,100,5.08,GL,1675986608
198,gazanjyk,39.2446,55.5154,0.19,68,100,3.61,TM,1675987109
199,san lorenzo,-25.3333,-57.5333,24.77,88,75,2.24,PY,1675986559
200,oytal,42.9057,73.2697,-8.2,90,86,1.92,KZ,1675987109
201,zhigansk,66.7697,123.3711,-42.68,99,100,2.8,RU,1675987110
202,butaritari,3.0707,172.7902,27.12,82,94,8.13,KI,1675987110
203,catia la mar,10.6038,-67.0303,28.11,74,40,2.06,VE,1675987110
204,port lincoln,-34.7333,135.8667,20.27,70,73,7.84,AU,1675987111
205,lorengau,-2.0226,147.2712,26.6,84,100,4.67,PG,1675986567
206,sorland,67.667,12.6934,0.92,56,100,14.22,NO,1675987111
207,kysyl-syr,63.8986,122.7617,-43.15,98,93,2.61,RU,1675987111
208,palmer,42.1584,-72.3287,8.47,73,100,2.24,US,1675987112
209,clarence town,-32.5833,151.7833,28.41,47,6,1.23,AU,1675987112
210,leshukonskoye,64.8989,45.7622,-1.22,92,100,5.48,RU,1675987113
211,saint-francois,46.4154,3.9054,-1.13,93,30,1.03,FR,1675987113
212,prieska,-29.6641,22.7474,21.29,59,0,4.64,ZA,1675987113
213,varhaug,58.6147,5.6457,3.27,60,100,9.79,NO,1675987114
214,kaitangata,-46.2817,169.8464,16.95,43,53,0.48,NZ,1675987114
215,plettenberg bay,-34.0527,23.3716,19.67,93,20,1.93,ZA,1675987115
216,ola,59.5833,151.2833,-18.62,77,100,4.27,RU,1675987115
217,hennebont,47.8051,-3.2734,8.28,87,0,1.03,FR,1675987115
218,keffi,8.8486,7.8736,26.16,18,49,2.12,NG,1675987116
219,muscatine,41.4667,-91.1335,2.59,78,100,1.34,US,1675987116
220,la roda,39.2167,-2.15,3.33,92,57,3.67,ES,1675987116
221,guerrero negro,27.9769,-114.0611,22.6,25,1,3.66,MX,1675986978
222,constitucion,-35.3333,-72.4167,17.33,73,11,7.36,CL,1675987117
223,havoysund,70.9963,24.6622,1.13,62,99,6.93,NO,1675987117
224,camana,-16.6228,-72.7111,24.15,82,100,3.24,PE,1675987118
225,ilulissat,69.2167,-51.1,-14.99,78,100,3.09,GL,1675986614
226,nampula,-15.1165,39.2666,22.97,100,40,4.63,MZ,1675987118
227,beringovskiy,63.05,179.3167,-31.47,93,34,3.94,RU,1675986573
228,jamestown,42.097,-79.2353,14.77,77,100,4.12,US,1675986943
229,beloha,-25.1667,45.05,23.83,78,55,2.27,MG,1675986556
230,linhares,-19.3911,-40.0722,23.04,87,97,1.29,BR,1675987119
231,qasigiannguit,68.8193,-51.1922,-22.34,99,100,2.87,GL,1675987119
232,weiser,44.251000000000005,-116.9693,8.11,52,50,3.13,US,1675987120
233,fort nelson,58.8053,-122.7002,-7.81,80,75,0.89,CA,1675986577
234,ariquemes,-9.9133,-63.0408,22.75,97,86,1.24,BR,1675987120
235,inuvik,68.3499,-133.7218,-24.44,77,75,3.6,CA,1675987121
236,kahului,20.8947,-156.47,26.01,70,40,9.77,US,1675987121
237,terrace,54.5163,-128.6035,0.95,100,100,0.0,CA,1675987121
238,sao filipe,14.8961,-24.4956,20.52,81,100,4.82,CV,1675986568
239,curillo,1.0333,-75.9191,26.51,65,84,1.09,CO,1675987122
240,santa flavia,38.085,13.5351,8.85,86,100,7.15,IT,1675987122
241,aklavik,68.2191,-135.0107,-26.0,76,75,4.12,CA,1675987122
242,iqaluit,63.7506,-68.5145,-31.84,67,40,4.12,CA,1675987123
243,mnogovershinnyy,53.9353,139.9242,-26.51,90,19,1.98,RU,1675987123
244,vaitape,-16.5167,-151.75,27.48,71,4,5.63,PF,1675987123
245,chokurdakh,70.6333,147.9167,-31.3,98,100,2.58,RU,1675987124
246,miri,4.4148,114.0089,25.08,94,20,1.54,MY,1675987124
247,dudinka,69.4058,86.1778,-19.58,95,98,8.43,RU,1675987124
248,ust-nera,64.5667,143.2,-43.17,94,42,1.24,RU,1675987125
249,abalak,58.1286,68.5944,-11.9,99,96,2.06,RU,1675987125
250,paamiut,61.994,-49.6678,-4.2,96,100,5.38,GL,1675986595
251,waycross,31.2136,-82.354,23.14,72,40,0.0,US,1675987126
252,mitsamiouli,-11.3847,43.2844,27.27,82,36,3.96,KM,1675987126
253,parbhani,19.2667,76.7833,20.25,26,33,1.54,IN,1675987126
254,japura,-0.3167,102.35,22.77,98,99,0.63,ID,1675987127
255,carnarvon,-24.8667,113.6333,25.79,75,88,8.34,AU,1675987127
256,kasongo,-4.45,26.6667,19.31,96,100,1.44,CD,1675987127
257,tual,-5.6667,132.75,27.49,79,100,11.7,ID,1675987128
258,takoradi,4.8845,-1.7554,26.06,88,75,3.51,GH,1675987128
259,voznesenye,61.0106,35.4781,-3.46,86,92,5.63,RU,1675987129
260,warren,39.4334,-84.1666,9.67,70,100,12.86,US,1675987129
261,shache,38.4167,77.2406,-0.84,53,53,2.86,CN,1675987129
262,daru,-9.0763,143.2092,26.34,86,100,5.56,PG,1675987130
263,udachnyy,66.4167,112.4,-31.01,98,100,1.92,RU,1675987130
264,tuy hoa,13.0833,109.3,22.16,91,34,1.08,VN,1675987131
265,cortes,41.9395,-1.4396,2.03,73,32,2.24,ES,1675987131
266,grand-lahou,5.1367,-5.0242,25.79,92,93,2.81,CI,1675987131
267,katherine,-14.4667,132.2667,27.18,78,100,0.51,AU,1675987132
268,ketchikan,55.3422,-131.6461,6.99,87,100,6.17,US,1675987132
269,gharo,24.7424,67.5856,21.12,92,1,5.21,PK,1675987132
270,longyan,25.1072,117.0225,17.94,96,93,0.82,CN,1675987133
271,carberry,49.8689,-99.3602,-8.87,95,8,3.3,CA,1675987133
272,meulaboh,4.1363,96.1285,24.2,90,88,2.28,ID,1675986540
273,stromness,58.965,-3.2960000000000003,4.98,87,100,3.58,GB,1675987134
274,mercedes,-34.6515,-59.4307,29.32,25,0,2.61,AR,1675986570
275,buraydah,26.326,43.975,10.25,45,83,4.22,SA,1675986879
276,zvishavane,-20.3267,30.0665,19.68,90,79,0.6,ZW,1675987134
277,progreso,21.2833,-89.6667,25.57,75,29,5.11,MX,1675987135
278,evensk,61.95,159.2333,-22.01,72,69,5.9,RU,1675987135
279,talnakh,69.4865,88.3972,-21.62,97,99,4.52,RU,1675987135
280,komsomolskiy,40.4272,71.7189,-1.6,93,75,2.06,UZ,1675987136
281,clyde,41.3042,-82.9752,9.8,76,81,11.82,US,1675987136
282,poum,-20.2333,164.0167,27.5,78,100,9.43,NC,1675987137
283,gizo,-8.103,156.8419,28.8,73,98,5.54,SB,1675987137
284,dingle,10.9995,122.6711,25.34,86,77,4.37,PH,1675987137
285,quatre cocos,-20.2078,57.7625,26.06,77,22,5.52,MU,1675987138
286,bahia blanca,-38.7196,-62.2724,31.27,24,1,1.79,AR,1675986898
287,caravelas,-17.7125,-39.2481,24.22,82,96,2.5,BR,1675987138
288,inhambane,-23.865,35.3833,25.72,89,52,4.48,MZ,1675987138
289,bereda,43.2686,-7.5406,-0.48,100,9,0.8,ES,1675986613
290,olinda,-8.0089,-34.8553,24.85,88,75,0.51,BR,1675986925
291,yangambi,0.8102,24.4336,25.11,42,89,1.01,CD,1675987139
292,inirida,3.8653,-67.9239,24.25,93,88,0.44,CO,1675987140
293,velsk,61.0701,42.0983,-3.16,85,68,5.75,RU,1675987140
294,wilmington,34.2257,-77.9447,19.44,74,87,1.34,US,1675986393
295,cap malheureux,-19.9842,57.6142,25.82,78,6,1.34,MU,1675987140
296,verkh-usugli,52.7,115.1667,-22.99,100,100,0.79,RU,1675987141
297,north adams,42.7009,-73.1087,6.21,76,100,7.72,US,1675987141
298,panguna,-6.3164,155.4848,26.36,67,100,1.48,PG,1675987142
299,xingcheng,40.6167,120.7167,-2.61,82,12,1.73,CN,1675987142
300,inyonga,-6.7167,32.0667,18.06,94,77,0.21,TZ,1675987142
301,hasaki,35.7333,140.8333,3.45,67,100,6.32,JP,1675986544
302,san roque,36.2107,-5.3842,13.46,72,100,18.52,ES,1675987143
303,den helder,52.9599,4.7593,6.1,87,100,4.12,NL,1675987018
304,okha,53.5739,142.9478,-27.71,94,22,5.12,RU,1675987143
305,padang,-0.9492,100.3543,24.03,86,91,1.17,ID,1675986589
306,santa rosa,14.3122,121.1114,26.72,70,94,4.14,PH,1675987144
307,omboue,-1.5746,9.2618,25.98,88,99,2.44,GA,1675987144
308,tiksi,71.6872,128.8694,-39.32,98,96,2.02,RU,1675987144
309,takaungu,-3.6837,39.8566,25.0,87,23,4.18,KE,1675987145
310,pisco,-13.7,-76.2167,24.03,83,0,9.26,PE,1675987145
311,klaksvik,62.2266,-6.5889999999999995,3.51,71,100,7.32,FO,1675987146
312,awbari,26.5921,12.7805,9.93,46,43,2.98,LY,1675987146
313,lasa,46.6166,10.7002,-5.54,63,5,2.27,IT,1675987146
314,isakly,54.1333,51.5333,-9.39,99,100,2.17,RU,1675987147
315,maragogi,-9.0122,-35.2225,25.98,84,45,3.14,BR,1675987147
316,macau,22.2006,113.5461,21.59,94,40,1.03,MO,1675987147
317,half moon bay,37.4636,-122.4286,21.04,62,0,8.75,US,1675987103
318,pangkalanbuun,-2.6833,111.6167,25.24,85,80,1.69,ID,1675987148
319,shetpe,44.1667,52.1167,-6.88,67,76,1.9,KZ,1675987148
320,brookhaven,31.5791,-90.4407,18.81,75,0,2.01,US,1675987149
321,parintins,-2.6283,-56.7358,23.91,96,55,0.37,BR,1675987149
322,saldanha,-33.0117,17.9442,21.03,87,2,3.92,ZA,1675987149
323,lopatino,52.6195,45.8118,-13.51,100,99,1.53,RU,1675987150
324,bhadrachalam,17.6667,80.8833,18.72,92,72,0.93,IN,1675987150
325,uyuni,-20.4597,-66.825,12.28,60,99,4.61,BO,1675987150
326,bathsheba,13.2167,-59.5167,25.34,73,20,8.23,BB,1675987151
327,shubarkuduk,49.1447,56.4872,-18.5,99,80,2.35,KZ,1675987151
328,teguldet,57.3064,88.1667,-33.78,100,100,1.2,RU,1675987152
329,yarmouth,41.7057,-70.2286,7.26,84,100,5.81,US,1675986886
330,duku,11.2361,4.9073,27.24,11,6,3.77,NG,1675987152
331,sitka,57.0531,-135.33,5.94,70,100,5.14,US,1675986555
332,dubbo,-32.25,148.6167,24.07,60,0,2.57,AU,1675987153
333,rocha,-34.4833,-54.3333,19.3,93,0,2.53,UY,1675986986
334,mezen,65.8522,44.24,-0.79,94,100,6.05,RU,1675987153
335,high rock,26.6208,-78.2833,24.01,68,4,6.83,BS,1675987154
336,cabo san lucas,22.8909,-109.9124,25.17,43,20,3.09,MX,1675987113
337,nakhon thai,17.1006,100.8374,23.92,73,32,0.56,TH,1675987154
338,killybegs,54.6333,-8.45,6.01,84,100,6.36,IE,1675987154
339,viransehir,37.2353,39.7631,0.61,60,6,3.12,TR,1675987155
340,sibut,5.718,19.0739,23.52,21,15,2.08,CF,1675987155
341,itoman,26.1247,127.6694,23.01,83,40,9.77,JP,1675987155
342,eyl,7.9803,49.8164,22.7,83,9,5.24,SO,1675987156
343,antofagasta,-23.65,-70.4,21.6,83,61,1.3,CL,1675987156
344,college,64.8569,-147.8028,-13.78,79,40,1.54,US,1675987156
345,maningrida,-12.0667,134.2667,28.38,75,100,0.72,AU,1675987157
346,asau,46.4333,26.4,-14.29,85,4,2.67,RO,1675987157
347,bakel,14.905,-12.4568,28.24,14,6,3.86,SN,1675987157
348,saint thomas mount,12.9964,80.2031,22.99,88,20,1.54,IN,1675987158
349,christchurch,-43.5333,172.6333,21.9,71,20,5.66,NZ,1675986795
350,springdale,36.1867,-94.1288,12.07,61,100,1.54,US,1675987089
351,mpika,-11.8343,31.4529,15.32,97,82,2.21,ZM,1675987159
352,sao raimundo das mangabeiras,-7.0219,-45.4811,25.12,50,6,1.58,BR,1675987159
353,taoudenni,22.6783,-3.9836,21.13,15,95,7.88,ML,1675986604
354,edd,13.9297,41.6925,24.49,79,15,1.13,ER,1675987159
355,saint george,37.1041,-113.5841,12.33,16,0,4.63,US,1675986879
356,mandalgovi,45.7625,106.2708,-13.5,94,55,2.21,MN,1675987160
357,cairns,-16.9167,145.7667,28.37,85,75,4.63,AU,1675987160
358,khorinsk,52.1657,109.7726,-22.87,98,94,1.16,RU,1675986603
359,ludvika,60.1496,15.1878,1.3,59,97,7.33,SE,1675987161
360,lompoc,34.6391,-120.4579,24.88,56,0,2.06,US,1675986594
361,kodino,63.7198,39.6447,-1.45,90,100,5.76,RU,1675987161
362,conceicao do araguaia,-8.2578,-49.2647,23.96,88,59,0.79,BR,1675987162
363,adrar,20.5022,-10.0711,20.46,21,99,5.71,MR,1675987162
364,maceio,-9.6658,-35.7353,25.69,88,0,2.06,BR,1675987090
365,gharghoda,22.1667,83.35,14.23,31,10,1.01,IN,1675987163
366,khandyga,62.6667,135.6,-47.15,100,67,0.89,RU,1675987163
367,yarada,17.65,83.2667,21.18,100,25,1.03,IN,1675987163
368,kavieng,-2.5744,150.7967,27.81,76,100,3.65,PG,1675987164
369,brookings,44.3114,-96.7984,-6.57,68,0,8.23,US,1675987164
370,lerwick,60.1545,-1.1494,5.0,57,100,5.02,GB,1675987164
371,guigue,10.0853,-67.7792,21.71,91,100,2.25,VE,1675987165
372,kenai,60.5544,-151.2583,-5.95,85,100,2.57,US,1675987168
373,ekibastuz,51.6667,75.3667,-20.25,94,87,3.47,KZ,1675987168
374,nouakchott,18.0858,-15.9785,21.96,64,100,11.49,MR,1675987169
375,beyneu,45.3167,55.2,-7.48,85,98,3.52,KZ,1675986603
376,riohacha,11.5444,-72.9072,30.06,58,20,6.17,CO,1675987026
377,parma heights,41.39,-81.7596,18.68,81,40,7.2,US,1675987169
378,deputatskiy,69.3,139.9,-42.19,100,89,1.8,RU,1675987170
379,flin flon,54.7682,-101.865,-8.09,49,75,1.54,CA,1675987170
380,batagay,67.6333,134.6333,-47.41,97,95,0.98,RU,1675987170
381,piacabucu,-10.4056,-36.4344,26.39,82,9,4.4,BR,1675987171
382,bolivar,37.6145,-93.4105,10.5,65,34,4.38,US,1675987171
383,bilma,18.6853,12.9164,19.2,19,0,5.39,NE,1675987172
384,homer,59.6425,-151.5483,-4.07,83,75,1.54,US,1675987172
385,khuzdar,27.7384,66.6434,13.14,57,2,2.86,PK,1675987172
386,batemans bay,-35.7167,150.1833,25.02,54,5,1.52,AU,1675987173
387,utrecht,52.0,5.25,3.32,96,85,0.45,NL,1675986925
388,sidi ali,36.0998,0.4206,7.3,69,4,3.11,DZ,1675987173
389,gao,16.6362,1.6369999999999998,24.02,14,0,4.93,ML,1675987173
390,walvis bay,-22.9575,14.5053,19.53,82,21,2.06,,1675987174
391,vestmanna,62.1564,-7.1664,2.51,81,100,5.14,FO,1675987174
392,ust-koksa,50.2696,85.6108,-8.4,97,100,0.68,RU,1675987175
393,champerico,14.3,-91.9167,32.3,67,1,2.37,GT,1675987175
394,cehegin,38.0924,-1.7985,4.81,84,86,0.33,ES,1675987175
395,madimba,-10.4,40.3333,25.62,94,20,5.14,TZ,1675987176
396,sept-iles,50.2001,-66.3821,-10.0,65,20,4.12,CA,1675987176
397,hofn,64.2539,-15.2082,-2.98,44,100,3.58,IS,1675987176
398,zheleznodorozhnyy,55.7503,38.0042,-1.71,95,99,3.7,RU,1675987177
399,cibitoke,-2.8833,29.25,15.02,87,23,2.09,BI,1675987177
400,dhidhdhoo,6.8833,73.1,26.05,74,52,1.66,MV,1675987177
401,san cristobal,7.7669,-72.225,21.1,84,96,0.45,VE,1675987178
402,nemuro,43.3236,145.575,-11.22,63,14,2.47,JP,1675986584
403,saint anthony,45.0205,-93.21799999999999,2.96,62,0,8.75,US,1675987178
404,vestmannaeyjar,63.4427,-20.2734,1.93,89,100,12.53,IS,1675987179
405,tema,5.667000000000001,-0.0166,28.23,83,40,4.12,GH,1675987179
406,ratnagiri,16.9833,73.3,22.79,42,1,1.61,IN,1675987179
407,sur,22.5667,59.5289,20.85,69,8,3.16,OM,1675987180
408,aberdeen,57.1437,-2.0981,5.92,79,99,2.57,GB,1675987166
409,bonanza,14.0289,-84.59100000000001,20.59,98,16,0.8,NI,1675987180
410,fairbanks,64.8378,-147.7164,-13.77,81,20,0.0,US,1675987181
411,anadyr,64.75,177.4833,-33.72,66,40,5.0,RU,1675987181
412,mayumba,-3.432,10.6554,26.33,86,95,2.38,GA,1675987181
413,turukhansk,65.8167,87.9833,-19.61,96,100,5.15,RU,1675987182
414,palasa,18.7667,84.4167,19.28,83,3,1.86,IN,1675987182
415,kirakira,-10.4544,161.9205,28.61,77,100,4.47,SB,1675987182
416,winder,33.9926,-83.7202,19.1,81,100,0.0,US,1675987183
417,lahat,-3.8,103.5333,21.69,76,73,0.9,ID,1675987183
418,alyangula,-13.8483,136.4192,28.95,74,100,1.42,AU,1675987183
419,freetown,8.484,-13.2299,25.84,78,53,2.57,SL,1675987184
420,kikwit,-5.041,18.8162,21.85,87,89,0.45,CD,1675987184
421,moncton,46.1159,-64.8019,-4.41,46,75,2.57,CA,1675986821
422,pristina,42.6727,21.1669,-4.1,72,0,2.57,XK,1675987115
423,nsanje,-16.92,35.262,23.14,96,99,1.03,MW,1675987185
424,djambala,-2.5447,14.7533,21.53,79,54,1.57,CG,1675987185
425,brae,60.3964,-1.3530000000000002,3.57,56,100,4.97,GB,1675986635
426,luderitz,-26.6481,15.1594,17.48,91,9,3.77,,1675987179
427,pahrump,36.2083,-115.9839,16.58,18,0,0.89,US,1675987186
428,amapa,1.0,-52.0,22.72,99,99,0.84,BR,1675987186
429,sumbe,-11.2061,13.8437,23.79,85,83,3.69,AO,1675987187
430,karasjok,69.4719,25.5112,-8.15,92,92,2.37,NO,1675987187
431,seoni malwa,22.45,77.4667,17.39,30,18,0.98,IN,1675987187
432,cascais,38.6979,-9.4215,13.36,61,2,7.15,PT,1675987188
433,izvestkovyy,48.9833,131.55,-17.15,90,100,1.26,RU,1675987188
434,gorin,51.1983,136.6669,-26.15,97,55,0.66,RU,1675987188
435,juruti,-2.1522,-56.0922,24.2,91,24,1.06,BR,1675987189
436,clyde river,70.4692,-68.5914,-35.87,68,0,3.09,CA,1675986606
437,cheyenne,41.14,-104.8203,-3.82,54,0,9.26,US,1675986906
438,koumac,-20.5667,164.2833,26.67,80,100,4.64,NC,1675987190
439,odweyne,9.4092,45.06399999999999,19.63,32,5,2.83,SO,1675987190
440,port macquarie,-31.4333,152.9167,27.16,64,15,2.54,AU,1675987126
441,saint-augustin,51.226000000000006,-58.6502,-17.43,82,61,4.08,CA,1675987190
442,harper,4.375,-7.7169,26.28,85,47,3.41,LR,1675987191
443,bonthe,7.5264,-12.505,25.44,83,88,1.41,SL,1675987191
444,russell,32.3502,-85.1999,18.44,100,75,0.0,US,1675987192
445,coquimbo,-29.9533,-71.3436,19.85,77,20,4.63,CL,1675987192
446,kungurtug,50.5994,97.5228,-20.07,99,97,0.77,RU,1675986625
447,myrtle grove,30.421,-87.3075,21.1,89,100,1.54,US,1675987192
448,mbabane,-26.3167,31.1333,17.12,99,100,0.95,SZ,1675987193
449,yumen,40.2833,97.2,-3.23,37,77,3.79,CN,1675987193
450,wang saphung,17.301,101.7685,22.08,94,11,0.0,TH,1675987194
451,porto seguro,-16.4497,-39.0647,25.29,83,0,4.12,BR,1675987194
452,mao,39.8885,4.2658,7.31,57,40,5.66,ES,1675987194
453,umm kaddadah,13.6017,26.6876,16.91,15,34,5.48,SD,1675987195
454,arman,59.7,150.1667,-19.18,74,100,4.84,RU,1675987195
455,tuzha,57.6062,47.93600000000001,-4.51,92,100,4.88,RU,1675987195
456,san borja,-14.8167,-66.85,22.09,97,95,1.35,BO,1675986625
457,disna,55.568000000000005,28.1971,-5.26,86,89,5.68,BY,1675987196
458,nancha,47.1333,129.2667,-11.84,91,100,0.87,CN,1675987196
459,pringsewu,-5.3582,104.9744,23.37,83,96,0.61,ID,1675987197
460,manokwari,-0.8667,134.0833,26.79,74,100,2.84,ID,1675987197
461,atar,20.5169,-13.0499,20.73,57,91,6.87,MR,1675986637
462,granger,41.7481,-86.1257,3.75,95,100,8.75,US,1675987197
463,north bend,43.4065,-124.2243,14.4,44,0,5.14,US,1675987198
464,yerbogachen,61.2767,108.0108,-23.58,99,100,0.98,RU,1675987198
465,bojonegoro,-7.1502,111.8817,25.1,89,99,1.93,ID,1675987198
466,selma,36.5708,-119.6121,20.51,52,0,0.0,US,1675987199
467,yeppoon,-23.1333,150.7333,28.88,60,72,4.58,AU,1675987199
468,ayaviri,-14.8864,-70.5889,7.21,87,63,1.72,PE,1675987200
469,frontera,26.9333,-101.45,24.07,27,74,1.34,MX,1675987200
470,mazzarino,37.3043,14.2141,6.78,97,100,12.97,IT,1675987201
471,darnah,32.766999999999996,22.6367,12.05,80,99,9.4,LY,1675987201
472,mangrol,21.1167,70.1167,20.43,67,46,3.29,IN,1675987203
473,redwater,33.3582,-94.2544,14.95,67,34,1.73,US,1675987206
474,mount isa,-20.7333,139.5,28.87,51,2,5.66,AU,1675987213
475,butterworth,5.3991,100.3638,27.02,94,20,1.54,MY,1675987227
476,faya,18.3851,42.4509,13.06,75,20,1.32,SA,1675987238
477,ormstown,45.1334,-73.9992,2.05,99,100,4.78,CA,1675987248
478,ngunguru,-35.6167,174.5,19.61,57,53,3.9,NZ,1675987250
479,tigil,57.8,158.6667,-15.72,94,82,1.42,RU,1675987250
480,tahta,26.7693,31.5021,13.51,28,100,3.42,EG,1675987251
481,quesnel,52.9999,-122.5029,6.28,56,40,11.32,CA,1675987251
482,mazagao,-0.115,-51.2894,26.03,94,94,2.04,BR,1675987251
483,pavilosta,56.8879,21.1859,2.95,85,97,12.4,LV,1675987252
484,synya,65.3718,58.0387,-2.66,95,100,5.07,RU,1675987252
485,hamilton,39.1834,-84.5333,9.97,70,100,13.89,US,1675986977
486,toora-khem,52.4675,96.11,-24.37,100,97,0.26,RU,1675987253
487,naze,28.3667,129.4833,18.51,90,100,11.1,JP,1675987237
488,lata,40.1629,-8.3327,4.95,77,0,2.64,PT,1675987254
489,moerai,-22.4333,-151.3333,26.33,72,75,3.26,PF,1675987255
490,acapulco,16.8634,-99.8901,27.69,60,33,4.03,MX,1675987230
491,bandar-e lengeh,26.5579,54.8807,16.56,42,100,9.32,IR,1675987255
492,bauchi,10.5,10.0,20.08,17,82,2.58,NG,1675987256
493,concepcion,-36.827,-73.0498,20.89,64,0,8.23,CL,1675987097
494,calama,-22.4667,-68.9333,21.27,37,40,10.8,CL,1675987256
495,tura,25.5198,90.2201,13.7,63,0,1.3,IN,1675987257
496,mitzic,0.7821,11.549000000000001,21.7,89,82,1.82,GA,1675987257
497,cabedelo,-6.9811,-34.8339,26.37,80,9,5.63,BR,1675987257
498,kirkwall,58.9848,-2.9587,5.54,87,75,3.6,GB,1675987258
499,ballina,-28.8667,153.5667,26.12,72,29,4.46,AU,1675987259
500,banyo,6.75,11.8167,20.2,24,44,1.03,CM,1675987259
501,santa vitoria,-18.8386,-50.1214,23.79,83,31,2.14,BR,1675987259
502,vila velha,-20.3297,-40.2925,25.97,89,0,4.12,BR,1675987260
503,tautira,-17.7333,-149.15,27.11,75,23,5.17,PF,1675987260
504,chernyshevskiy,63.0128,112.4714,-30.36,98,100,1.97,RU,1675987261
505,yar-sale,66.8333,70.8333,-9.8,90,100,7.75,RU,1675987261
506,mpwapwa,-6.35,36.4833,18.32,94,93,0.59,TZ,1675987262
507,sambava,-14.2667,50.1667,23.35,90,43,3.39,MG,1675987262
508,chilca,-12.5211,-76.7372,22.65,90,53,1.93,PE,1675987263
509,machali,-34.1833,-70.6667,31.6,14,0,5.66,CL,1675987263
510,matagami,49.7502,-77.6328,-7.94,86,100,3.6,CA,1675987264
511,pitkyaranta,61.5734,31.4792,-1.49,92,100,8.74,RU,1675987264
512,krasnoselkup,65.7,82.4667,-21.08,99,82,4.65,RU,1675987265
513,nelson bay,-32.7167,152.15,28.38,65,8,0.99,AU,1675987265
514,madang,-5.2246,145.7966,27.05,78,100,3.96,PG,1675987266
515,boyabat,41.4689,34.7667,-2.34,86,63,1.42,TR,1675987268
516,bismil,37.8486,40.6658,-1.94,69,5,1.51,TR,1675987269
517,salalah,17.0151,54.0924,22.73,39,24,6.85,OM,1675987271
518,olavarria,-36.8927,-60.3225,26.96,32,0,3.48,AR,1675987272
519,sudak,44.85,34.9667,-1.34,76,51,4.23,UA,1675987273
520,riviere-au-renard,48.9957,-64.3971,-11.84,93,65,4.06,CA,1675987273
521,alugan,12.2188,125.4808,25.91,84,99,6.58,PH,1675987273
522,nishihara,26.1842,127.7558,22.6,83,75,9.77,JP,1675987274
523,umm lajj,25.0213,37.2685,20.52,39,100,6.19,SA,1675987275
524,the pas,53.8251,-101.2541,-9.99,57,0,5.66,CA,1675987218
525,opuwo,-18.0607,13.84,18.64,67,54,2.06,,1675987277
526,ponta do sol,32.6667,-17.1,15.0,74,51,5.33,PT,1675987278
527,paita,-5.0892,-81.1144,24.42,83,35,4.87,PE,1675987279
528,kolosovka,56.4678,73.611,-15.33,96,100,2.99,RU,1675987279
529,san ramon,37.7799,-121.978,20.1,51,0,3.09,US,1675987229
530,ulladulla,-35.35,150.4667,24.93,56,2,1.21,AU,1675987282
531,murgab,37.4966,61.9714,-1.07,86,100,4.12,TM,1675987284
532,codrington,-38.2667,141.9667,22.78,50,27,4.96,AU,1675987285
533,mareeba,-17.0,145.4333,25.82,92,100,0.87,AU,1675987285
534,khairagarh,26.95,77.8167,15.29,40,0,1.85,IN,1675987285
535,denia,38.8408,0.1057,11.37,73,23,2.68,ES,1675987286
536,pathein,16.7833,94.7333,19.55,81,100,3.15,MM,1675987286
537,yala,6.3333,101.25,21.66,96,62,1.14,TH,1675987286
538,sawtell,-30.3833,153.1,22.01,83,41,3.09,AU,1675987287
539,zabid,14.1951,43.3152,24.34,77,6,0.9,YE,1675987287
540,blythe,33.6103,-114.5964,20.57,12,0,7.7,US,1675987289
541,budaun,28.05,79.1167,14.07,50,0,1.84,IN,1675987289
542,birao,10.2849,22.7882,18.8,14,75,2.62,CF,1675987289
543,santa isabel do rio negro,-0.4139,-65.0192,23.52,97,62,0.96,BR,1675987290
544,hameenlinna,60.996,24.4643,1.19,94,100,5.88,FI,1675987291
545,emba,48.8264,58.1442,-20.01,100,27,1.4,KZ,1675987292
546,poplar bluff,36.757,-90.3929,9.54,68,84,2.93,US,1675987292
547,ilabaya,-17.4208,-70.5133,20.39,81,63,1.42,PE,1675987293
548,usinsk,65.9939,57.5281,-1.6,96,100,9.18,RU,1675987293
549,ahipara,-35.1667,173.1667,21.65,49,67,2.47,NZ,1675987295
550,gotsu,35.0,132.2167,4.7,85,100,2.16,JP,1675987295
551,rusape,-18.5278,32.1284,17.02,93,81,1.74,ZW,1675987296
552,aswan,24.0934,32.907,14.61,33,0,5.14,EG,1675987296
553,dali,25.7,100.1833,3.14,76,0,2.0,CN,1675987296
554,burhanpur,21.3,76.2333,20.06,25,18,1.33,IN,1675987297
